{
    "first_token_avg": 0.09106403589248657,
    "total_response_avg": 13.317368943691253,
    "total_token": 38400,
    "average_token": 384.0
}