{
    "first_token_avg": 0.2536695599555969,
    "total_response_avg": 13.474855427742005,
    "total_token": 38400,
    "average_token": 384.0
}