{
    "first_token_avg": 0.019562649726867675,
    "total_response_avg": 4.084407663345337,
    "total_token": 3840,
    "average_token": 384.0
}