{
    "first_token_avg": 0.020154833793640137,
    "total_response_avg": 4.0613467454910275,
    "total_token": 3840,
    "average_token": 384.0
}