{
    "first_token_avg": 0.030678167343139648,
    "total_response_avg": 5.006588697433472,
    "total_token": 9600,
    "average_token": 384.0
}