{
    "first_token_avg": 0.033337268829345706,
    "total_response_avg": 5.012119541168213,
    "total_token": 9600,
    "average_token": 384.0
}