{
    "first_token_avg": 0.05299355983734131,
    "total_response_avg": 6.723095140457153,
    "total_token": 19200,
    "average_token": 384.0
}