{
    "first_token_avg": 0.05063596248626709,
    "total_response_avg": 6.67837384223938,
    "total_token": 19200,
    "average_token": 384.0
}