{
    "first_token_avg": 0.02774949073791504,
    "total_response_avg": 3.796731376647949,
    "total_token": 1920,
    "average_token": 384.0
}