{
    "first_token_avg": 0.027147245407104493,
    "total_response_avg": 3.797090768814087,
    "total_token": 1920,
    "average_token": 384.0
}