{
    "first_token_avg": 0.0787534761428833,
    "total_response_avg": 5.012242038249969,
    "total_token": 38391,
    "average_token": 383.91
}