{
    "first_token_avg": 0.016650795936584473,
    "total_response_avg": 2.0266009092330934,
    "total_token": 3840,
    "average_token": 384.0
}