{
    "first_token_avg": 0.02696425437927246,
    "total_response_avg": 2.4511702346801756,
    "total_token": 9600,
    "average_token": 384.0
}