{
    "first_token_avg": 0.04287293434143066,
    "total_response_avg": 3.111013660430908,
    "total_token": 19200,
    "average_token": 384.0
}