{
    "first_token_avg": 0.017854881286621094,
    "total_response_avg": 1.869680118560791,
    "total_token": 1920,
    "average_token": 384.0
}